Tweet ID,Label
1556394598150422528,0
1556348956787019778,1
1556369996326084608,0
1556346056388009989,1
1556388136065740800,0
1556345497404579840,1
1556411641939369984,0
1556344123073986564,1
1556410426367385602,0
1556342567410642945,1
1556341903330885637,0
1556341290241064966,1
1556368172952854528,0
1556338715542183936,1
1556413096662405121,0
1556336938008788992,1
1556404636369620992,0
1556335954842886145,1
1556383890130014209,0
1556334597478223872,1
1556413332877459456,0
1556331405428363265,1
1556393724212645890,0
1556327194636566528,1
1556351636955709448,0
1556324226747047938,1
1556392003981545472,0
1556321569474940929,1
1556405022484840448,0
1556319481126944769,1
1556391334977626113,0
1556315945353764865,1
1556361950870863872,0
1556299876589240320,1
1556403556189552642,0
1556294469493723136,1
1556409789462233088,0
1556290988645224449,1
1556401226270576640,0
1556286402593280000,1
1556379716973727744,0
1556284129196421120,1
1556401820389543938,0
1556282992342990848,1
1556374520608329728,0
1556281557878337536,1
1556317772799410176,0
1556278437052022784,1
1556352469881470976,0
1556275882662440960,1
1556394837682929678,0
1556266428751306752,1
1556260888717541376,0
1556259636273111041,1
1556413243404365824,0
1556256753305628674,1
1556320179436470274,0
1556252909444014081,1
1556402563565731842,0
1556248165732519937,1
1556390120953085953,0
1556248015945535490,1
1556399614256898048,0
1556241410545836033,1
1556236662149111808,0
1556233449744334849,1
1556364224959582215,0
1556228196428832768,1
1556295116628938752,0
1556226866637410304,1
1556393324407398400,0
1556209188614934529,1
1556384819092738048,0
1556202173792387073,1
1556387682787393537,0
1556194325637353472,1
1556334910348005376,0
1556173748302381062,1
1556313815129677824,0
1556169994634944513,1
1556408821018497025,0
1556141126419111936,1
1556371111218233349,0
1556140016417574912,1
1556193929011564544,0
1556130707231350784,1
1556374748333936640,0
1556125707851292672,1
1556346095936102401,0
1556120395987705856,1
1556377012754960388,0
1556119568027885569,1
1556351591770427392,0
1556119015801634816,1
1556114452491247616,0
1556113660078161920,1
1556370801145745408,0
1556103574592991233,1
1556402250733342720,0
1556102966758612993,1
1556183925659422721,0
1556097320294715392,1
1556402875097497601,0
1556089866479251458,1
1556271195573653505,0
1556087270289162240,1
1556086081476562944,0
1556085398228566016,1
1556415244330602496,0
1556082829565448193,1
1556389830883508225,0
1556075879100563456,1
1556378267942359040,0
1556065670718230529,1
1556095022042333184,0
1556059993719316481,1
1556310491387027459,0
1556050370442530816,1
1556413199536119809,0
1556048409169080320,1
1556400119230111747,0
1556048045304856583,1
1556369670495784961,0
1556045708549144576,1
1556346153641320448,0
1556040585580011521,1
1556406280612302848,0
1556036419092549632,1
1556406221804036100,0
1556025650632396800,1
1556391160733732864,0
1556012501459996673,1
1556388727290826753,0
1556011172910010369,1
1556411972928778240,0
1556000403493269504,1
1556294294104850432,0
1555990581326893058,1
1556386479705886724,0
1555988320294952962,1
1556144205491105793,0
1555984774086307840,1
1556397495600783366,0
1555982208397189120,1
1556404770654519301,0
1555976754333990918,1
1556364250632916992,0
1555975817213140994,1
1556334393165168640,0
1555972768398659585,1
1556378346136543232,0
1555968271513292800,1
1556371061419216896,0
1555968222960263168,1
1555995192242708480,0
1555965183842914305,1
1556335036466696192,0
1555962096004857858,1
1556300409647538176,0
1555959006077894661,1
1556309768850903041,0
1555953613964320768,1
1556315020396339201,0
1555951268681506817,1
1556088166163030016,0
1555948908391665668,1
1556233225197850625,0
1555948339811602432,1
1556298608223436807,0
1555948145699340294,1
1556415346881470465,0
1555944619912974337,1
1556361543830446084,0
1555943977894944770,1
1556413761484836864,0
1555927083519545350,1
1556243658382475275,0
1555926869513469953,1
1556187167797514240,0
1555917049712492544,1
1556287354507247617,0
1555901680264384513,1
1556365448505065474,0
1555894645758074883,1
1556240790925758464,0
1555885489151811584,1
1556284675378892801,0
1555880602104221696,1
1556243665772859399,0
1555878620786196483,1
1555941167036268544,0
1555858068105478144,1
1556395283218681856,0
1555854696883036160,1
1556239477047189505,0
1555853621195149314,1
1556409542040100864,0
1555829923402567681,1
1556416168352796676,0
1555826266971979777,1
1555892763446706176,0
1555814649878175745,1
1556414634109837315,0
1555813171000115200,1
1556391830325018628,0
1555810462872240128,1
1555841244261101568,0
1555810288691298305,1
1556306965806063616,0
1555810148039499777,1
1556138278176391168,0
1555800747719249921,1
1556310529332940802,0
1555794555760390144,1
1556163088830722048,0
1555780438253129729,1
1556370378024419328,0
1555779769534398467,1
1556113188772528130,0
1555774700491620352,1
1556416012718940164,0
1555773939938430976,1
1555999041703612416,0
1555753814447243264,1
1556401225934979077,0
1555752740323745794,1
1556334024192172033,0
1555752107361259520,1
1556196157986062336,0
1555748806720880640,1
1556401490671112194,0
1555742378950017024,1
1556352707769688064,0
1555738637072941058,1
1556392587212226562,0
1555738026386620417,1
1556401135921111041,0
1555737950897545217,1
1555873397179285504,0
1555733535113129984,1
1556310114109255680,0
1555732541776072705,1
1556417836653985794,0
1555729860483596291,1
1556392499324899331,0
1555727721350795266,1
1556410715849850880,0
1555723542192332800,1
1556391646249598981,0
1555722060797775872,1
1556364422179946496,0
1555713174787297280,1
1556387402322776068,0
1555693010133852162,1
1556417761164787712,0
1555689271587225600,1
1556176912417902593,0
1555680079933452288,1
1556412040348143621,0
1555678474664398849,1
1556047007814455298,0
1555676374223962113,1
1556417164596445185,0
1555675391540486149,1
1556008632646524929,0
1555673485858545666,1
1556401659051290625,0
1555673086258724866,1
1556392400347549696,0
1555660028698193920,1
1556414446200922112,0
1555659328509681664,1
1556414914498945031,0
1555658915315994624,1
1556344347897090048,0
1555650416096026626,1
1556295966138966019,0
1555640731812904961,1
1556161406671601665,0
1555639272861863937,1
1556392444698279942,0
1555637920349954048,1
1556321796525531137,0
1555635842487828481,1
1556417533489680385,0
1555628842013917185,1
1556409704816840704,0
1555616044756000768,1
1556339800449331201,0
1555613086396325888,1
1556355576057167873,0
1555607212390858752,1
1556308550095347714,0
1555601522792308736,1
1556414252075958280,0
1555598681189093377,1
1556336383761031169,0
1555593209090392064,1
1556312603449761795,0
1555583607405772805,1
1556399331174907904,0
1555582697791262720,1
1556049040650907648,0
1555582478043123712,1
1556378914263531522,0
1555580168110047232,1
1556349192225923073,0
1555567147383922688,1
1556381433597497346,0
1555552370452533250,1
1555552142164910081,0
1555551031014088705,1
1556414934346612737,0
1555549996598153216,1
1555700274408439808,0
1555547504288178177,1
1556420329651802115,0
1555541808771465216,1
1556395371613413376,0
1555541374815989760,1
1556354635065073665,0
1555541104262520832,1
1556328389119807488,0
1555538051518038017,1
1556395941120327683,0
1555535646743138304,1
1556350027324239873,0
1555529314820468741,1
1556211052005703682,0
1555522852031438852,1
1556408563265830912,0
1555522312040054784,1
1556078798772338688,0
1555521610551099392,1
1555910880147144707,0
1555511998804361218,1
1556370723391778816,0
1555499617877233669,1
1556078491191414786,0
1555497857075105792,1
1556394167995179012,0
1555494139051102209,1
1556332225603551232,0
1555486633893453825,1
1556395178906222593,0
1555486459766906880,1
1556277792362631169,0
1555482136643239936,1
1556270591526768641,0
1555465237528182784,1
1556301598594174978,0
1555464935768961027,1
1556409359407759362,0
1555458799988793344,1
1556380067084640256,0
1555456935457345537,1
1556417127095365633,0
1555454447274594304,1
1555655909392523264,0
1555435160186736640,1
1556352966579236864,0
1555432215257174016,1
1556386478711865347,0
1555430869841723393,1
1556418013703938049,0
1555421439792144389,1
1556343304945430529,0
1555418426469847040,1
1556412107012186113,0
1555418383876702208,1
1555957740614275072,0
1555400639299338241,1
1556136664476565504,0
1555390567122714624,1
1556036805170184192,0
1555387114522824705,1
1555939533555785728,0
1555386591702441984,1
1555696079718567936,0
1555383220585250816,1
1555574409997389827,0
1555370148512813056,1
1556409511551897600,0
1555363948475686914,1
1556373760193843200,0
1555362649839489024,1
1556131651083796481,0
1555361958366420992,1
1556404361038815245,0
1555351513815449602,1
1556418610763005953,0
1555349867219877897,1
1556422073748160515,0
1555349413371039747,1
1556363742744657921,0
1555336123030929409,1
1556080315440955392,0
1555326143183699971,1
1556256910378242053,0
1555321458875895809,1
1556411535752417281,0
1555315958805307397,1
1556124352629772289,0
1555283892520620032,1
1556406454671794176,0
1555283035863531521,1
1556366242298048512,0
1555274680331894789,1
1556378953627029507,0
1555272630583734272,1
1556341277679140864,0
1555269391901773824,1
1556172539214368768,0
1555267540888293376,1
1556379543350525952,0
1555264926335307776,1
1556369455118106624,0
1555261820973199360,1
1555615615917998080,0
1555243509510295555,1
1556422705892704258,0
1555232537101885442,1
1556409565972938752,0
1555226373668671495,1
1556002583319306240,0
1555224292601860098,1
1556330184730722305,0
1555220714290028545,1
1556385217014771712,0
1555209426247634945,1
1556262777705992192,0
1555209053042794496,1
1556029548776521728,0
1555201769336086532,1
1555230054426320896,0
1555201036591239173,1
1556324520625053699,0
1555194727535939585,1
1556422807113940992,0
1555193840260325379,1
1556036892201607168,0
1555191240026914816,1
1556403938441670658,0
1555190243644829696,1
1555739220022595586,0
1555158551579938817,1
1556384772280270852,0
1555156007051042817,1
1555607119701110784,0
1555147952988905473,1
1556350334108258305,0
1555141965456351232,1
1556376023687565312,0
1555090463102836736,1
1556356984496087043,0
1555067187395760129,1
1556387652773056513,0
1555053087177465856,1
1556398373900472320,0
1555044430712778752,1
1556401762181025803,0
1555028649631535105,1
1556371242646634496,0
1555016503661142021,1
1556396268208930819,0
1555014288334589953,1
1556357260040933376,0
1555006600259244038,1
1556315784997126144,0
1555005324192583685,1
1556407327191928833,0
1554991924997754880,1
1556415068744650752,0
1554974664232943616,1
1556145677230452736,0
1554970923077214208,1
1555278484309626880,0
1554954874332164097,1
1556357919859281920,0
1554947236106100737,1
1556385030926114817,0
1554945531562139650,1
1556363137254817792,0
1554942809676865536,1
1556301995736268805,0
1554938086655774721,1
1556357378584576003,0
1554936837294198785,1
1556426063843954688,0
1554936556766388225,1
1556017235272953856,0
1554936210539180033,1
1555790707255828480,0
1554935632694321152,1
1556411893027409920,0
1554925728189267974,1
1556310423116414977,0
1554923281689575424,1
1556122737550053383,0
1554922986162950144,1
1555705169064648704,0
1554918048125132800,1
1556425975579148291,0
1554914706766315522,1
1556425939147538432,0
1554914229228036096,1
1555014270164897792,0
1554910989765812224,1
1555915539859611650,0
1554906862545473536,1
1556087175254622209,0
1554890982734315521,1
1556419909810356225,0
1554889753874546688,1
1556415125799768066,0
1554883398237290498,1
1555555753238437888,0
1554880010414133248,1
1556292742107369472,0
1554876467263184897,1
1556382243450396673,0
1554875172229976064,1
1556328550847746048,0
1554863034190860288,1
1556205407055462400,0
1554862812026920960,1
1556158867872120832,0
1554861274013614080,1
1555633383178473472,0
1554855794398707712,1
1556394340154753024,0
1554850458644234241,1
1556085790530326529,0
1554848931934134273,1
1555734543839232000,0
1554842475923111938,1
1555966327441039361,0
1554836136492539904,1
1556409714103107584,0
1554835773110702082,1
1556389382654918656,0
1554824750144405504,1
1555097477102964736,0
1554813527184904192,1
1556385320572182528,0
1554805159641104384,1
1555767891005280256,0
1554803966663217152,1
1556362472424194050,0
1554793713225940993,1
1556219485425647617,0
1554785828706156545,1
1555765609304010752,0
1554777113902792704,1
1556246654986383360,0
1554768344938868737,1
1556391617128693760,0
1554753927933210624,1
1555800693885190147,0
1554747959669313536,1
1555955380387303425,0
1554745835870724096,1
1555569159756402688,0
1554744598647304192,1
1556414549942669312,0
1554728122435526656,1
1556389270579036166,0
1554708492631654400,1
1556423482270965765,0
1554692902617378816,1
1555753149574615040,0
1554688472203624450,1
1556089936914391040,0
1554670482804326402,1
1556426780415668224,0
1554665516983205888,1
1556299471234863104,0
1554662537966170114,1
1556221969846390784,0
1554656936905551872,1
1556419282124214272,0
1554656083649503233,1
1556404482556182535,0
1554653968957071362,1
1556399209208758272,0
1554650349641900034,1
1556371136157339649,0
1554650267680854016,1
1554656710899400705,0
1554645658560339968,1
1556383253866610695,0
1554642172703547394,1
1556371064913010688,0
1554641977815306240,1
1556081280617521155,0
1554637675969257472,1
1556414766930792448,0
1554636817214742529,1
1555952175435526144,0
1554633360823029760,1
1556427296491597824,0
1554629256554369025,1
1556428726442885120,0
1554629046734135299,1
1556308367840317440,0
1554621010246115329,1
1556422361489997826,0
1554608359189499905,1
1556295844885774336,0
1554600472274554880,1
1556322548547067904,0
1554600276840943616,1
1556427815683235842,0
1554595572354621441,1
1556427780614770689,0
1554595184976994306,1
1556399013385146369,0
1554594378668281856,1
1556418916662099968,0
1554589971863969795,1
1556395078071062528,0
1554587716905574401,1
1556413694665424896,0
1554585127132561418,1
1556420422299631616,0
1554571191339233280,1
1556424971110518785,0
1554565857270972416,1
1556404428411895808,0
1554565358136205315,1
1556355592872083456,0
1554558665197113344,1
1556427958746742849,0
1554558034604695554,1
1556423014505496576,0
1554557042744086528,1
1556350722345689090,0
1554556068977573889,1
1556309691004702720,0
1554555829008752640,1
1556414886103638016,0
1554553395905806339,1
1556293314525089792,0
1554553028547489792,1
1556376227618988035,0
1554541083916484616,1
1556302335529345026,0
1554539997684023302,1
1556428640459837440,0
1554538921505472512,1
1556012593948549120,0
1554537984711659525,1
1555616546076037120,0
1554536517732667394,1
1556249745248616448,0
1554522602814726145,1
1556397136891195392,0
1554517080463945728,1
1556405065241559040,0
1554512208469565441,1
1556330496757567491,0
1554505213020704768,1
1556285825725317120,0
1554502352874668034,1
1556111893877719042,0
1554485053291466753,1
1556295860082077697,0
1554484163428106241,1
1556418238195572737,0
1554483914630205440,1
1554822907053891584,0
1554481874390720516,1
1556088898589171712,0
1554481645612404737,1
1556382039175319554,0
1554480471052107779,1
1556287178929496064,0
1554477962933768200,1
1555995865030053888,0
1554476958595031045,1
1556423390088536065,0
1554471798833664000,1
1556399233477103623,0
1554470109900689415,1
1556430105932693506,0
1554466800863268864,1
1555884893523124226,0
1554463835259543558,1
1555245912804364288,0
1554463619102154752,1
1556407255280635910,0
1554458430685024256,1
1556419204722597889,0
1554454789974548482,1
1556394809018941442,0
1554453616584531970,1
1556136208060715008,0
1554436523306536962,1
1555953603055067138,0
1554434658817003520,1
1556397836698263554,0
1554427941714550784,1
1556385145313189890,0
1554426615756644352,1
1556101483388624901,0
1554411480354885632,1
1555941955397267459,0
1554403888534818816,1
1556234828034428929,0
1554399300209127424,1
1556323666547585024,0
1554388029422579712,1
1556338212225912834,0
1554374873358680065,1
1556155514761134080,0
1554371806567419904,1
1555710152602689537,0
1554369127917453312,1
1556401472543154177,0
1554367675060539392,1
1555954805545136128,0
1554362095507890176,1
1555564795549532161,0
1554361604468142080,1
1556210786179158021,0
1554359963635548162,1
1555933211775180801,0
1554353420752101384,1
1555902025904562177,0
1554350822263099393,1
1556354214020120576,0
1554343267944173568,1
1556419649520259073,0
1554332274715344896,1
1554335093862252546,0
1554330939936755712,1
1556431802473992192,0
1554324077434679296,1
1556073568391385089,0
1554322936508604416,1
1556407196774109184,0
1554322744627458048,1
1556064179076964352,0
1554315492596355074,1
1556308738029408257,0
1554293917721378816,1
1554329548426190848,0
1554290354366697477,1
1556301695629627397,0
1554285009279877120,1
1556068291927388160,0
1554284409410371585,1
1556422767079292929,0
1554282344000983040,1
1556425595847954432,0
1554276241288609792,1
1556426763579711488,0
1554276155934806016,1
1554272433254699009,0
1554272101737136128,1
1556377180711505920,0
1554264349874589696,1
1556365121710063618,0
1554259472499052545,1
1556432505544347651,0
1554258410845179907,1
1555632483630194690,0
1554257437250781186,1
1555706840683528192,0
1554249500293832709,1
1555547391360749569,0
1554249256441094144,1
1555689135565950977,0
1554247054146273284,1
1556063217662787584,0
1554242093375184901,1
1556420288614899713,0
1554236491207159808,1
1556344282176421889,0
1554230375328743428,1
1556329593585471490,0
1554229861081915393,1
1556420061472366592,0
1554223737050136576,1
1556023487218782209,0
1554212419815219202,1
1556277743033241601,0
1554210783357272065,1
1556106283979120640,0
1554205389658304512,1
1556014421050200064,0
1554184968586162177,1
1556210376697679877,0
1554182262849257474,1
1556398602787983361,0
1554181417478852608,1
1556043778351300609,0
1554172666139090944,1
1556380408950013954,0
1554167189334368259,1
1555739182215176196,0
1554152156936261632,1
1555673840998547463,0
1554151653263147009,1
1556393543173906432,0
1554150408909893632,1
1556305496621056000,0
1554149223960125445,1
1556404069392175105,0
1554144771836416000,1
1556375618496786432,0
1554140810815279104,1
1556426461174796288,0
1554140730221858823,1
1554478319407857666,0
1554137968973344768,1
1556285439169929216,0
1554136097126580230,1
1556412821537439745,0
1554124859201835008,1
1556417850524540928,0
1554124565328150531,1
1556264514726703104,0
1554122046916816896,1
1555267166680666117,0
1554118443074408450,1
1556421937370316800,0
1554113301369352192,1
1556073198000541697,0
1554113033227608065,1
1555963281562427394,0
1554112297664016385,1
1556414633694711815,0
1554104412695678976,1
1555539522670268416,0
1554094948278013952,1
1556373021853622282,0
1554090879048040448,1
1556242957954560001,0
1554090351794614272,1
1556434322059657220,0
1554086922020159490,1
1556293403641450496,0
1554081430749286400,1
1555531084187795459,0
1554075400711688194,1
1556295398712610816,0
1554074946762145793,1
1556267178101510144,0
1554073546359447553,1
1556372483602800657,0
1554070559889260544,1
1556160352282353664,0
1554068924962115584,1
1556270402934013952,0
1554068664638488576,1
1556434018362687488,0
1554066931652694017,1
1555297146848661505,0
1554050983927447552,1
1556342876631695362,0
1554015653073489920,1
1556382534388391937,0
1553999358336671744,1
1556212900007911424,0
1553996923182657536,1
1556432785656713216,0
1553996874843136000,1
1556197803579228161,0
1553996755296866304,1
1556276772983177217,0
1553969603768090624,1
1556427048293261312,0
1553961548929937408,1
1556132292749414401,0
1553954229009661952,1
1555782256983162880,0
1553953755611234304,1
1556425960316055552,0
1553951420155629569,1
1554736438305927168,0
1553950600294834176,1
1556305363250470912,0
1553947017461739520,1
1555982931910336513,0
1553941591408234497,1
1556274602053083136,0
1553929469852876800,1
1556296526166577152,0
1553921129328152576,1
1556430839537606657,0
1553906800361357312,1
1556420581465022464,0
1553902019714224128,1
1556414483295137793,0
1553900366915203072,1
1556406579162779648,0
1553894417865486336,1
1555624636473384963,0
1553893571866025984,1
1556426076431306754,0
1553882777182945280,1
1556397463472308231,0
1553880803947446274,1
1556299659123073025,0
1553880318997823492,1
1555552373409550336,0
1553873573567160320,1
1555962273788747777,0
1553866062315257856,1
1556062733124206593,0
1553864219568836619,1
1556329949979607042,0
1553860783972536322,1
1556212452504719360,0
1553858606260297728,1
1556459523325530112,0
1553849868367577088,1
1556437293954629638,0
1553849429085638657,1
1555737997148045312,0
1553842937410326528,1
1556453379894812672,0
1553842485914439682,1
1556404403002871808,0
1553834785377755144,1
1556399653813354498,0
1553833474380939265,1
1556445732483149825,0
1553830622602219520,1
1556376567525294082,0
1553829466752917507,1
1556123640713863168,0
1553817578518224900,1
1556443089065091072,0
1553817549225197573,1
1554673079334629376,0
1553813172678971393,1
1555892146112192512,0
1553812251567685633,1
1556456241953742848,0
1553798691781328897,1
1556182713140486144,0
1553795803747172353,1
1556407017467777025,0
1553795197728919552,1
1556420592756310017,0
1553793086874165249,1
1556354233108250624,0
1553791941208317953,1
1556443945781059592,0
1553790479983992832,1
1556453290077986816,0
1553789126620610561,1
1556458732862816256,0
1553788731081080834,1
1556325813200486406,0
1553787127258808320,1
1556354962304761856,0
1553785570740027394,1
1556453870569590785,0
1553781678698483712,1
1556419633124724736,0
1553780922629193728,1
1556375916623822848,0
1553780103540350976,1
1554629877407502336,0
1553771883857752065,1
1556398043183943686,0
1553768981571444737,1
1556027035889254400,0
1553768853397573632,1
1556458638402805761,0
1553762435353509888,1
1556455155645779970,0
1553759589988028418,1
1556271624609038336,0
1553740718958583810,1
1555017770693173249,0
1553734561238061056,1
1556126040031780864,0
1553732661956341762,1
1556361209813028864,0
1553731645530066944,1
1556368949981224960,0
1553731140204105729,1
1556461648403173376,0
1553730630449504261,1
1556377549286113281,0
1553726546950721536,1
1556461948962832384,0
1553726220046516225,1
1556376937668411398,0
1553716129457225729,1
1556309095061356547,0
1553714446622773248,1
1556426443584061440,0
1553707369980637185,1
1556074757094883330,0
1553698392995504128,1
1555775236976644098,0
1553697012754911232,1
1555889637369040899,0
1553695502985838592,1
1556411270190010368,0
1553694313565097984,1
1556372298281750533,0
1553675962230898688,1
1556430171900624896,0
1553665678095294465,1
1555151169181343746,0
1553662681701384192,1
1555932517978361858,0
1553658426194272256,1
1556437913768017923,0
1553650521004810240,1
1555912469356298240,0
1553615578098704384,1
1556457376986923008,0
1553605724734906368,1
1556458097954041856,0
1553603411492237312,1
1554159223382200323,0
1553600100827480064,1
1556141383970332674,0
1553598311516540928,1
1556451596632047618,0
1553564475046887424,1
1556459715449786368,0
1553560610411089920,1
1556438666582581249,0
1553559844279521282,1
1556461522024509441,0
1553547812884791296,1
1556423915840364544,0
1553547663668281346,1
1556180524149792769,0
1553529371876438016,1
1555567693461262337,0
1553524055382192128,1
1556458107110293505,0
1553519000881168384,1
1555785292358959104,0
1553512260999360513,1
1555015617819934720,0
1553510230625079297,1
1556368077406670848,0
1553508773867782150,1
1556447383914835969,0
1553493666806714373,1
1556357216831037440,0
1553491230184509440,1
1556243052884279296,0
1553485708421210114,1
1556413446945652736,0
1553471635616849920,1
1556408901272326150,0
1553469132007407621,1
1555885034246225921,0
1553464776159907842,1
1556258886797217793,0
1553459502892064769,1
1556462057603596289,0
1553455317429764097,1
1556433662874423296,0
1553445478125019136,1
1556179378501029888,0
1553439865299238913,1
1556454147423178752,0
1553425500923727874,1
1556070280761675776,0
1553425362234888198,1
1556435899986198530,0
1553424431577538562,1
1554565444887003138,0
1553419628336103426,1
1556117444623736833,0
1553414122561306624,1
1556462214114058241,0
1553409739165417476,1
1556064635886993410,0
1553403226157993984,1
1556267955343990784,0
1553397994480963584,1
1556398017896382465,0
1553389792943083521,1
1556304002660372481,0
1553386237368598530,1
1556319007980109824,0
1553374934948368387,1
1555634466697236482,0
1553374306540965890,1
1556321050291494912,0
1553370815986651137,1
1556098296661303297,0
1553352913136898049,1
1556302822806900738,0
1553349744403128320,1
1556366250086907905,0
1553343212013715458,1
1556445228256710656,0
1553331687416860678,1
1556353912340357124,0
1553305672351088640,1
1555925059193081863,0
1553304950947516416,1
1556323423365877760,0
1553268194751791105,1
1556464414336892928,0
1553267539890814976,1
1556116450104033287,0
1553260558211862529,1
1556426602791182336,0
1553248078689353730,1
1556185585504530433,0
1553242678740955136,1
1556464575545245696,0
1553236860755128321,1
1556333061457199105,0
1553234665041199105,1
1556169534930915329,0
1553233654490566656,1
1556355902772486144,0
1553231755888451585,1
1556280841910624260,0
1553228315074379776,1
1556461619915399168,0
1553223481382371328,1
1556354062114729985,0
1553221733351452672,1
1554426909836312576,0
1553221026024411136,1
1556115839706976256,0
1553220477396652033,1
1556128933208379396,0
1553201300162084865,1
1556128988258603009,0
1553198218149863425,1
1556174240428085248,0
1553197431390875648,1
1556409333134630918,0
1553187437169491968,1
1556361340125696005,0
1553187320647630851,1
1556440287182028800,0
1553177955446185984,1
1556351386534780937,0
1553165705679347713,1
1556396878727610369,0
1553160868728152064,1
1556400173131104257,0
1553156198010179584,1
1555662301042298883,0
1553148853901295616,1
1554268016153710595,0
1553143857071751169,1
1555272007541051394,0
1553138257583562753,1
1556462344749715456,0
1553136322344206338,1
1556413948144062465,0
1553131704927358981,1
1556408712964853764,0
1553114935646949377,1
1556463316867747840,0
1553114246476546049,1
1556105394618896385,0
1553105986654576640,1
1556295048890925058,0
1553103053053722624,1
1556306830078496768,0
1553100590493978627,1
1554212171814502402,0
1553098049702236163,1
1556450406670155777,0
1553090865572323328,1
1556400345529700352,0
1553089971233374209,1
1556019215357726720,0
1553080693403463681,1
1554438498051973120,0
1553080626860855299,1
1555765597832679424,0
1553080523815264256,1
1556464725545951232,0
1553079422034386949,1
1556463388561231873,0
1553072593061683202,1
1556385232122793986,0
1553068638185431046,1
1555574001405239303,0
1553065775635861505,1
1556453174982197248,0
1553058010636877827,1
1555645196104237057,0
1553056292310319112,1
1556436998180589568,0
1553050822023401474,1
1555757603006943232,0
1553044116388331520,1
1556423964565639171,0
1553042266943520768,1
1554768072518483968,0
1553042092619755520,1
1556466244177502209,0
1553035648877076482,1
1556443172816953345,0
1553034500166361089,1
1556413956524228608,0
1553033763155738626,1
1556244048574353409,0
1553033181401686016,1
1556397947993985025,0
1553029705841881088,1
1556406308093325312,0
1553029650149888000,1
1556376928717774848,0
1553028046080417792,1
1556460627597692929,0
1553027213255122944,1
1556425666807189506,0
1553024647150575617,1
1556370194343215106,0
1553024184518787072,1
1555167637545648128,0
1553019472180662272,1
1554734515439996930,0
1553018524146212864,1
1556435793979359232,0
1553003357865971714,1
1556451798549946368,0
1553001588188495873,1
1556285268319055872,0
1552997937709322240,1
1556290122567618560,0
1552996970276569088,1
1556270036058349571,0
1552993182190903299,1
1556380407049949184,0
1552990548742512644,1
1556368360484376576,0
1552986076452737024,1
1556121627779293184,0
1552981469617864705,1
1556392967782338560,0
1552975284726427648,1
1555519420893732866,0
1552951413810020352,1
1556339194321985541,0
1552949417421963265,1
1555905773741432832,0
1552927067020353537,1
1556442115952939009,0
1552915580763512832,1
1556281734462857218,0
1552875911061585920,1
1556380134789111808,0
1552852177948852224,1
1556370502247219200,0
1552852123611762690,1
1556065355042377728,0
1552851465810624512,1
1556302056125865984,0
1552840995674406914,1
1556438230337146880,0
1552830943240626176,1
1555726694199095296,0
1552826839793512448,1
1556428748706041856,0
1552819299156312064,1
1556458506080985089,0
1552816282214481920,1
1556440451242070016,0
1552815053568503808,1
1556456099192209409,0
1552811513617989634,1
1556392257149980673,0
1552809878762160129,1
1556427630211129347,0
1552807800123834368,1
1556438692201316352,0
1552806915393998848,1
1556440935797559297,0
1552792563471491072,1
1556458267584462850,0
1552791212716859392,1
1556032605409234945,0
1552790490189336577,1
1556456305971212288,0
1552786002455846912,1
1556325106548342784,0
1552784931482484737,1
1556417272641626119,0
1552781413199536128,1
1556426955884417024,0
1552771637572866048,1
1556463299763609600,0
1552769748202561541,1
1556119463145127936,0
1552762276884750337,1
1556444532467802119,0
1552756353181032449,1
1556421944156766214,0
1552752214841638913,1
1556444866564997120,0
1552750566513721363,1
1555719929244123137,0
1552747210978254848,1
1556424959966056448,0
1552746387837751296,1
1556448044127866880,0
1552743186824577024,1
1556440419256471552,0
1552737597616693248,1
1556342655747080193,0
1552737224982151168,1
1556262177505480713,0
1552729570943582208,1
1556466464697319424,0
1552728223057956868,1
1556412148749934593,0
1552727800137793542,1
1556197425064382464,0
1552727372520202242,1
1553920299623759872,0
1552726527833505792,1
1556393825794498562,0
1552724949277835265,1
1556345884337528832,0
1552724379477606400,1
1555737805300662272,0
1552719374590644226,1
1556198840486825985,0
1552708368132866051,1
1556411467540434946,0
1552701208456036353,1
1556378248388517889,0
1552699319802908675,1
1555913546126336000,0
1552693265551437824,1
1555939387086618624,0
1552690584342728705,1
1556470279928438784,0
1552688006720417792,1
1556309472720846849,0
1552680279445491713,1
1556427984294318082,0
1552678319056982016,1
1556366305703432192,0
1552665201538998274,1
1556470159534985216,0
1552662997830717441,1
1556344106225438725,0
1552661587370074112,1
1556417302882648065,0
1552646999006142467,1
1556341021025386498,0
1552646529659408385,1
1555411677063028736,0
1552645036613009408,1
1556333869279940609,0
1552641409487970309,1
1556458851582545921,0
1552640617980858368,1
1555651132541661184,0
1552639317373321216,1
1556015904537935873,0
1552636107594121216,1
1561366440132894720,0
1561366295685132288,1
1561365997512232960,0
1561363751949201408,1
1561367325940531201,0
1561359853129547776,1
1560961366865113088,0
1561354372256497665,1
1561347588703391750,0
1561347984235048960,1
1561356348322971649,0
1561346743412953092,1
1561366767099953154,0
1561334908748005377,1
1561368005333876736,0
1561333801527246850,1
1561056738605993984,0
1561328725341474816,1
1558186901470908416,0
1561313119049236481,1
1561345065322041347,0
1561309857340280835,1
1561353114040635392,0
1561302289314467842,1
1561310386502115328,0
1561293992335216641,1
1561352252547383297,0
1561289406258061313,1
1561354268711350272,0
1561235130697408512,1
1561330243335360513,0
1561234523811385344,1
1561320159637229570,0
1561205953483001857,1
1561343413353586689,0
1561205839838453760,1
1561347435690991616,0
1561190809776836609,1
1561299679488331776,0
1561175207372419072,1
1561189065088569344,0
1561172664345014273,1
1561185210183860224,0
1561171141687123969,1
1561352279277666307,0
1561170797162598400,1
1561356355025473538,0
1561153422061346816,1
1560983100313714688,0
1561150923090583554,1
1561171637625503744,0
1561146739234508802,1
1561327698496176128,0
1561135418602553344,1
1561298310371037184,0
1561128002972397568,1
1561168981444112384,0
1561127435076190208,1
1561345856900562944,0
1561123256333205515,1
1561192353326632960,0
1561121304052469760,1
1561131059021901824,0
1561110691859165184,1
1561339026308841472,0
1561109530666213378,1
1561012933873762309,0
1561105448153104388,1
1560417620301594624,0
1561096613174677505,1
1561219428334784512,0
1561090034672881664,1
1561136934415646721,0
1561082824668725249,1
1561242313170759680,0
1561080170953711616,1
1561081684551925767,0
1561074983018893314,1
1559847731195256836,0
1561074395812188162,1
1561305646527660033,0
1561070248094220288,1
1560805455622017024,0
1561063010118017024,1
1560766665918480384,0
1561060544764936196,1
1561135110933692418,0
1561058286497038336,1
1561368484444983297,0
1561057837828083712,1
1561059748195098624,0
1561055546215583745,1
1561053803692056580,0
1561053101431324672,1
1561052072543338496,0
1561050915968126977,1
1561367124307841025,0
1561048480969269248,1
1559116787060449280,0
1561047437506187267,1
1561348870357090307,0
1561046514012651520,1
1561097905569677314,0
1561043267088781313,1
1561370377619738631,0
1561040249366650880,1
1561185428308254720,0
1561038694802329601,1
1561089444530343936,0
1561036407065509888,1
1560411364174299137,0
1561030887000707076,1
1561355515657162755,0
1561022257148923905,1
1560451416430448640,0
1561016088934187014,1
1561354870472544257,0
1561000995274063873,1
1561295790437433347,0
1560993887287742464,1
1561291849989595138,0
1560993684266647553,1
1560953448287420417,0
1560991140165423105,1
1561352787111383040,0
1560989350388703235,1
1561357876513292288,0
1560988999044304896,1
1561369012654596096,0
1560988962440638465,1
1561037030955651075,0
1560986843210022912,1
1561006006066348033,0
1560980101000470534,1
1561223279859343360,0
1560978172941930496,1
1561338130766221312,0
1560948148452970497,1
1561366656626184192,0
1560943042646925312,1
1561272716090638336,0
1560938844152807424,1
1561370141350236160,0
1560935515582386177,1
1561361899387817985,0
1560933083251183616,1
1561359336194162688,0
1560927395674300416,1
1561263414676267009,0
1560926011612602368,1
1561361832585170946,0
1560919382309703680,1
1561349787223457792,0
1560917694668591105,1
1561301189492215811,0
1560887594346459136,1
1561121825899196416,0
1560870139909656578,1
1560909759276109824,0
1560869820056346626,1
1561370868709728257,0
1560863662306361345,1
1561366175422074881,0
1560861700043276288,1
1561321256053612545,0
1560857473564672001,1
1561206980856930306,0
1560856325051097088,1
1561216439461330945,0
1560848757671051264,1
1561201558909603840,0
1560838641861132290,1
1561359485972516864,0
1560835744754651136,1
1561195785039085573,0
1560832311846920194,1
1561054963358322689,0
1560820652105338881,1
1561366162646175746,0
1560816077843714048,1
1561364768052678656,0
1560809876103856128,1
1560626519864664064,0
1560807539532599296,1
1561202298973753347,0
1560806459964854274,1
1561357088210636800,0
1560802777072541696,1
1561006721761419266,0
1560799899213598721,1
1561280189597995008,0
1560798561771864065,1
1561244870534057984,0
1560797531197816832,1
1561184619227189249,0
1560791287439171585,1
1561369888945385474,0
1560766499911897088,1
1561302777124589569,0
1560766430064304133,1
1561242943423361024,0
1560766054321664002,1
1561364943303282689,0
1560756138483847168,1
1561317798734970881,0
1560754717755641858,1
1561212663526412289,0
1560754700470759424,1
1561344481995137027,0
1560737992737947648,1
1561349743212634112,0
1560728612592050181,1
1561366823936806912,0
1560728149373116426,1
1560788544590839808,0
1560713563907522562,1
1561346804461043712,0
1560708491299495939,1
1561165003436204033,0
1560708073853009921,1
1561352534052192256,0
1560705888389943305,1
1561359952945549315,0
1560687334206500866,1
1561123718054772736,0
1560682167444840449,1
1561361552908886016,0
1560672105972531201,1
1561129341928574976,0
1560665699043115008,1
1561369745714302976,0
1560641570759753735,1
1561094974015520770,0
1560641485971660801,1
1561367235897294850,0
1560639408495366149,1
1561189342512615425,0
1560633944730640385,1
1560792983078846464,0
1560625178153041920,1
1561166242819747840,0
1560603175068962818,1
1560981672799109125,0
1560583699883859968,1
1560904472385167363,0
1560522371546619904,1
1561114174704349184,0
1560522255469527040,1
1561251673804132353,0
1560497083320152065,1
1561373323426250752,0
1560488806377299970,1
1560877166526472194,0
1560480080182145024,1
1561189997948059648,0
1560478360073117697,1
1560826824032231425,0
1560456351624482816,1
1561116421794344960,0
1560455291057057792,1
1561370954848018432,0
1560447536762175488,1
1561039937671204866,0
1560430785794015232,1
1561327179245436934,0
1560428225993576448,1
1561123218550923271,0
1560423887560757248,1
1561216266567811072,0
1560418974738817026,1
1561180661997662211,0
1560402202799140866,1
1560404283064864769,0
1560401694092972032,1
1561160708674400256,0
1560399998000308224,1
1561364844955287552,0
1560395688600637440,1
1561363124074254337,0
1560388683970265089,1
1561165210303533057,0
1560382454787104770,1
1561342094731612160,0
1560377272519073795,1
1561368333819445251,0
1560364648632881154,1
1561097774933970945,0
1560360045669453826,1
1561361799680733184,0
1560358364193796098,1
1561335979000139776,0
1560344589453647873,1
1561151514659504128,0
1560341953983782913,1
1560813344248012800,0
1560336584527986695,1
1560726593148186624,0
1560304708446822409,1
1561057880157167618,0
1560299801849303040,1
1561094199449116677,0
1560297617904607233,1
1561144944714084352,0
1560295266321723392,1
1560266420134748160,0
1560294130202415114,1
1561318585108238343,0
1560289447131881476,1
1561364328707678210,0
1560289361714974721,1
1561362684284588033,0
1560281000378150913,1
1561209809864720385,0
1560279561237061632,1
1561368816507973633,0
1560275005547507714,1
1561371508458622977,0
1560272929245757441,1
1561372344731459587,0
1560270264684154883,1
1561178944614719489,0
1560269119659712513,1
1561346069237202944,0
1560266266451263488,1
1560282672961916931,0
1560261290857091072,1
1560642900207308801,0
1560257599748071424,1
1561368018843828228,0
1560204857440706560,1
1561316640503091200,0
1560199617739907073,1
1560956664542527489,0
1560165038031241216,1
1560169860688392192,0
1560155499059769344,1
1560796545741725700,0
1560126680345231361,1
1560592676138864641,0
1560111788196335616,1
1561207838910840834,0
1560095649298792454,1
1561370181812645888,0
1560088812629282816,1
1561343073627410432,0
1560088785190195200,1
1561215239923765248,0
1560050882661662720,1
1561166460575268867,0
1560040653656100866,1
1561339360733061120,0
1560035915182923776,1
1560033461028675586,0
1560031525537779712,1
1561180981213614080,0
1560024878635315200,1
1561371300378996738,0
1560020519382122496,1
1561199004788015104,0
1560005489324445696,1
1561366371094745088,0
1559996355107495936,1
1561354222469320710,0
1559987915488362498,1
1560596053669421057,0
1559978291465015296,1
1560783543332179968,0
1559967304649154561,1
1561167044309032961,0
1559966845398032387,1
1559967955915620354,0
1559964033314349056,1
1560996814517637120,0
1559960722636955648,1
1560790126623703046,0
1559956643269541888,1
1560883207930724352,0
1559953927377862656,1
1560277020688297984,0
1559945333370765313,1
1561374765268344832,0
1559940627315298305,1
1561177356575707136,0
1559937340352581632,1
1561067124830965763,0
1559925542501191681,1
1561375795490263048,0
1559922189318737923,1
1561085948921688064,0
1559900628457226241,1
1560924827518746624,0
1559898702176833536,1
1561375810887483393,0
1559886395073765377,1
1561043335183302658,0
1559881180706738181,1
1560902217284161536,0
1559880148899471361,1
1561169570831933442,0
1559877121778098177,1
1561139102715523073,0
1559822761941352448,1
1561334138023690242,0
1559800192186073089,1
1561317298627133440,0
1559799479938990080,1
1561115409822228480,0
1559792875356962816,1
1561312384119369728,0
1559780468349775872,1
1561299729908224000,0
1559775399554568193,1
1560756703544721410,0
1559766582469042176,1
1561351487586029569,0
1559760631238049792,1
1561376819114303492,0
1559733701352775680,1
1561309002343993345,0
1559732420697399296,1
1561229632459907073,0
1559730545512222720,1
1561282941694930944,0
1559726168965664769,1
1561342576191496193,0
1559725466470211584,1
1561359039652560897,0
1559713581570134017,1
1561325909776400385,0
1559710381572079619,1
1561374669420347394,0
1559701624850874368,1
1561201463447224322,0
1559698998012923911,1
1561362703754711040,0
1559696993747968001,1
1561039001737461761,0
1559695911298732036,1
1561096357582094339,0
1559692632099627010,1
1559966355520163841,0
1559687102127898626,1
1561353239311917057,0
1559685271125463044,1
1561190009755078658,0
1559683870060122113,1
1561173122342166528,0
1559679386793787394,1
1561066261383094274,0
1559676845746012166,1
1558835519819116545,0
1559672841246691328,1
1561160026579906561,0
1559669186649276416,1
1561289761909870593,0
1559669056919437312,1
1561242808706486273,0
1559668473373925376,1
1561326371628093440,0
1559657950393864200,1
1560012956053667841,0
1559655455957319680,1
1560730281522262016,0
1559654157006606337,1
1561111776040833024,0
1559649087678566403,1
1561051991194812422,0
1559647339551174657,1
1561300212710252545,0
1559637311163404288,1
1561368093968023553,0
1559636541420347394,1
1561291724386877440,0
1559634857776521217,1
1561089745274519554,0
1559632500112113667,1
1561311612807544834,0
1559620403307450370,1
1561284556606554112,0
1559618287121612812,1
1559607631467233280,0
1559617471463792640,1
1561364416594972674,0
1559610997534429185,1
1560769388181086208,0
1559609324179185671,1
1561110881685102593,0
1559602837541339143,1
1561352751686230021,0
1559575077275967488,1
1561230462324019201,0
1559567664124608512,1
1559852377615650816,0
1559561045718360064,1
1561106841605644289,0
1559560377838567432,1
1561285833184796673,0
1559547891458273282,1
1561373547326423040,0
1559544238093660160,1
1560371233002344449,0
1559543689294258180,1
1560966501326327808,0
1559533623170285569,1
1561056504035393536,0
1559532125921153025,1
1561332584407306240,0
1559531449522479106,1
1561336549098360832,0
1559530838865461250,1
1559099281893724161,0
1559526536658800642,1
1561376438875480065,0
1559521259247083520,1
1561378728877359104,0
1559514835792150528,1
1560945106294816769,0
1559513939146424323,1
1561370349350289409,0
1559507729781227521,1
1561278726310068224,0
1559507520825204739,1
1561334569667895298,0
1559491090302074881,1
1561217825628295170,0
1559446534353063936,1
1561362299952283649,0
1559436681283047427,1
1561094069635485697,0
1559430960340402178,1
1560947104264110080,0
1559420817921941504,1
1561255884478881792,0
1559406770879184898,1
1561353769195118594,0
1559397722280566785,1
1561152917339607041,0
1559385191583518721,1
1561365734663622656,0
1559369060797792257,1
1561142427460800514,0
1559357565791789056,1
1560725939385950209,0
1559353843527299072,1
1561076123559149568,0
1559341103119220737,1
1561260478302527488,0
1559331318122438656,1
1560985815219666944,0
1559315186594480128,1
1561337723704721409,0
1559314393355149312,1
1561071144869969922,0
1559308154919424001,1
1560930551783387138,0
1559296262998216704,1
1560648341520007174,0
1559295440553738245,1
1561251957733556224,0
1559286586583523328,1
1559533782318944256,0
1559285077313572874,1
1561054624320290817,0
1559281415291822080,1
1561364039367905281,0
1559272040636489730,1
1561342058153054209,0
1559260729533947904,1
1561344278013566979,0
1559259301956526085,1
1561378471804289025,0
1559253249806442497,1
1561377080570413057,0
1559252639380021249,1
1561215493431734272,0
1559242653748719616,1
1561371023643131904,0
1559241468522500097,1
1560800512773132291,0
1559232885835587595,1
1558937105191108613,0
1559230925174603776,1
1559585655616782336,0
1559221848906158081,1
1561365095220858880,0
1559220840356806656,1
1561378198931341312,0
1559219800185905152,1
1561105075312943107,0
1559219187008110592,1
1561356761365286912,0
1559197653996433408,1
1561175535341817856,0
1559184978809761793,1
1561360405288476672,0
1559173272486363136,1
1561310487849099267,0
1559161965909622784,1
1561361853338492933,0
1559151239404855297,1
1561117325561999360,0
1559144265699061761,1
1561369606496915458,0
1559124741037998080,1
1561327967560687616,0
1559099001319956482,1
1561264792354054146,0
1559081175599161344,1
1561323831914287104,0
1559073572710404096,1
1561380553177419776,0
1559063296870850563,1
1561335186364977154,0
1559052604738457600,1
1561375029174030338,0
1559046545537892352,1
1561342186460938240,0
1559032676019064832,1
1561375202235146240,0
1559032182491922432,1
1561211645925330944,0
1559016122888110080,1
1561187400252022784,0
1559007238169190401,1
1561169127598727168,0
1558990988302905345,1
1558870565166931971,0
1558962335657721858,1
1561378084271562754,0
1558959202751729668,1
1561380153762189313,0
1558946454986694656,1
1560972293878255618,0
1558944899084468225,1
1561293463261437957,0
1558943427986968578,1
1558217484678955010,0
1558932317497954305,1
1561321633457082369,0
1558919385682681856,1
1560357727695691776,0
1558908703071518723,1
1561087677306490881,0
1558896752689913856,1
1561219205453606913,0
1558888209567821825,1
1561271080970502144,0
1558870336019595264,1
1560715000012210176,0
1558862316447449089,1
1561046625669226500,0
1558859484637925380,1
1560594377101262849,0
1558842334485401600,1
1561273145344102400,0
1558822568022392834,1
1561117299624579072,0
1558820459285823488,1
1559494700138221569,0
1558816333298638849,1
1561154468103716868,0
1558794166490042369,1
1561010361016483842,0
1558788299975704578,1
1561022360349822976,0
1558782218536902657,1
1561363911097679872,0
1558781958951403520,1
1561339194106052608,0
1558779718530482176,1
1561016342802845698,0
1558779062222573569,1
1560955492733706241,0
1558765671760142336,1
1561334409969618944,0
1558762464182841347,1
1560398090313650184,0
1558746231903584257,1
1561114865963606019,0
1558738531505393666,1
1560865022678556672,0
1558715747781705728,1
1561324962933346304,0
1558706837574356992,1
1560962191142322176,0
1558675608334307329,1
1561186666403966976,0
1558663690773180416,1
1561341283079184384,0
1558656461227671553,1
1561380895797350400,0
1558655826822299648,1
1561076197127139328,0
1558647752745033729,1
1561134123112026113,0
1558639985342853120,1
1561193508177944576,0
1558636962856288256,1
1561377965191168008,0
1558628128179851264,1
1561380876797104128,0
1558625945107537922,1
1561360865768751104,0
1558622536652718080,1
1561376500691226624,0
1558618396618637312,1
1561288474254352389,0
1558606407452315650,1
1561346377828995073,0
1558602882831761409,1
1561166812850569219,0
1558598522945081349,1
1561372626978689024,0
1558596654369890304,1
1561201476810178560,0
1558592629771800584,1
1561382079631441920,0
1558589165297700866,1
1561344771934806018,0
1558587894125707264,1
1561314283199246336,0
1558584856312918016,1
1561299485749383169,0
1558571972447150081,1
1561273252617543681,0
1558555695968129025,1
1561224181760401413,0
1558548762347286528,1
1561366775987687424,0
1558538394510270467,1
1561362216338735104,0
1558537780321550336,1
1561232340294070272,0
1558535744330817537,1
1561380945902444544,0
1558534999418163201,1
1561381784801132550,0
1558523528881868801,1
1558518580580438018,0
1558518052056072192,1
1561346576299110404,0
1558514728527208451,1
1561029737644007430,0
1558514308623044608,1
1561367367355011072,0
1558505067405246464,1
1560765178202955778,0
1558504746675322880,1
1561377777638596612,0
1558502977157173248,1
1561147659703959552,0
1558495904604295169,1
1560679093531643904,0
1558494269496823810,1
1560817474265817089,0
1558491753258393600,1
1560465180110487554,0
1558474495664435201,1
1561369995203842050,0
1558473982638268418,1
1559258801576243200,0
1558473832477990914,1
1561087413291720705,0
1558469206584492033,1
1561071469651705857,0
1558461561743806471,1
1560586797482217472,0
1558452893728100352,1
1558794664311922691,0
1558452560444399626,1
1560825035635433472,0
1558437729737838592,1
1561171663491825667,0
1558432045466099714,1
1560770586598572033,0
1558426492513689601,1
1561204791644241920,0
1558398363061592065,1
1561129634862977024,0
1558376400444428288,1
1560861920529469446,0
1558352558892220418,1
1560491875400052736,0
1558346838910332928,1
1561316187883315200,0
1558344983060844545,1
1559197416380776451,0
1558324128611835905,1
1559497389529915392,0
1558320716822433792,1
1561140517655945218,0
1558300769870290944,1
1560806921140981760,0
1558300602819440640,1
1560982058054213632,0
1558299489919574017,1
1561124865725177857,0
1558295119408689152,1
1561382552581115904,0
1558294989892886529,1
1561229074927738880,0
1558292151854804993,1
1561285586371039232,0
1558291873378099200,1
1561147626359226368,0
1558282412316041216,1
1561382987349954561,0
1558278102735720448,1
1561192764397821953,0
1558269002094346240,1
1561374519637467147,0
1558255428345241600,1
1561361825119223812,0
1558251694051528707,1
1560777848423849984,0
1558251123013591041,1
1559749936261935104,0
1558250954616516615,1
1560428470555099139,0
1558250516576030721,1
1561312582056689670,0
1558250358564085760,1
1561107931898298375,0
1558248507219263494,1
1561375964935831552,0
1558243524251791360,1
1561232159964364800,0
1558243029827346434,1
1560330305164156930,0
1558240703884533761,1
1561381908860346368,0
1558238272882630656,1
1561161846668660736,0
1558230087094267905,1
1561069408835051520,0
1558221466386194432,1
1561377151877689344,0
1558220377079160832,1
1561353841320370177,0
1558218001593389059,1
1561336495339962368,0
1558214455342907393,1
1561291064329531392,0
1558213097151598593,1
1561356050573443073,0
1558208822149251074,1
1561116129388625926,0
1558208316265865216,1
1560665883327967232,0
1558202836411826176,1
1561382208237195269,0
1558202454134644738,1
1560453642267795463,0
1558200344877973505,1
1561119302706757633,0
1558198650878181376,1
1561343651292348418,0
1558195940963614721,1
1561307671118204929,0
1558195861443813384,1
1561237862028177409,0
1558194066419879936,1
1561381995585978371,0
1558191412671389700,1
1561366519489101824,0
1558188033987399685,1
1560746148440092672,0
1558186262187483139,1
1561101623396651010,0
1558182432834215936,1
1561380849836326912,0
1558167914431352833,1
1560418501491412992,0
1558165164360441856,1
1561201198014689280,0
1558163760333828096,1
1561180117459615744,0
1558156598773657600,1
1561384607869698051,0
1558152637194936324,1
1561285498890584064,0
1558146392450809856,1
1561098176786042881,0
1558145458693971970,1
1561368477721567232,0
1558141518195695616,1
1561374259200630785,0
1558136698407723008,1
1558135722988773376,0
1558133244939452425,1
1561347964370575360,0
1558120683326029824,1
1561020780212887552,0
1558114787141292032,1
1561379310841339911,0
1558114346512928768,1
1561221163417645057,0
1558114107005366272,1
1561377471605391360,0
1558112663804297218,1
1561182677922889728,0
1558106915850407936,1
1559365447836807168,0
1558103153051967488,1
1561366484345008129,0
1558098290448601088,1
1560743566724710400,0
1558093526327595008,1
1560790764342222848,0
1558090893722206208,1
1560682162089005057,0
1558090767289253891,1
1561039524511219720,0
1558090223497641985,1
1560453848204025856,0
1558086189969719296,1
1560949031873961986,0
1558084221574516738,1
1560941594576146432,0
1558083392356470786,1
1561373254174052353,0
1558081187373096966,1
1559765895441920002,0
1558080361103380481,1
1561348488981426176,0
1558080325615374336,1
1561353511031386112,0
1558079641310466048,1
1561234740958486528,0
1558057188169433088,1
1561280684182110211,0
1558054112906072065,1
1561013045341655042,0
1558053111989673984,1
1560633248350408706,0
1558051927895719936,1
1558138613765898240,0
1558042188310843392,1
1561383156267335683,0
1558035858179211264,1
1558034465083064321,0
1558034260879097856,1
1561377577687711744,0
1558031654484066304,1
1561382259390877699,0
1558031554617769985,1
1558067561765421056,0
1558009543413714945,1
1561198146964770816,0
1557996032742416385,1
1561276727715893250,0
1557996015654952961,1
1561380198708576258,0
1557988967282364417,1
1561252280346689536,0
1557949569618640896,1
1561383469673955329,0
1557948321699749889,1
1561330321538564096,0
1557947794585169922,1
1561385783382212609,0
1557944864339378177,1
1561176505262153728,0
1557941367392768000,1
1561221442817200128,0
1557938951171743745,1
1561246286564601856,0
1557937804289536000,1
1561283879134064643,0
1557891459516313600,1
1560005795068231681,0
1557890621800648705,1
